X,Y,OBJECTID,NOMBRE,Tipo,NOMBDIST,NOMBPROV,NOMBDEP
-76.739309,-12.519309,1,Centro Materno Infantil Nuestra Serora de la Asunc,OTROS,CHILCA,CAÑETE,LIMA
-76.738796,-12.509162,2,Consultorio Medico Torres,OTROS,CHILCA,CAÑETE,LIMA
-76.796138,-12.48293,3,Centro de Salud Pucusana,CENTRO DE SALUD,PUCUSANA,LIMA,LIMA
-76.778285,-12.388303,4,ESSALUD Urgencias Playas del Sur,OTROS,SAN BARTOLO,LIMA,LIMA
-76.77717,-12.387245,5,Centro de Salud San Bartolo,CENTRO DE SALUD,SAN BARTOLO,LIMA,LIMA
-76.776658,-12.38712,6,Centro Medico Virgen de las NIeves,CENTRO MÉDICO,SAN BARTOLO,LIMA,LIMA
-76.795906,-12.363686,7,Centro de Salud Punta Negra,CENTRO DE SALUD,PUNTA NEGRA,LIMA,LIMA
-76.82615,-12.337876,8,Centro de Salud Punta Hermosa,CENTRO DE SALUD,PUNTA HERMOSA,LIMA,LIMA
-76.824979,-12.327203,9,SISOL Punta Hermosa,OTROS,PUNTA HERMOSA,LIMA,LIMA
-76.869487,-12.27372,10,Hospital Materno Infantil,HOSPITAL,LURIN,LIMA,LIMA
-76.91662,-12.242077,11,Puesto de Salud,OTROS,VILLA EL SALVADOR,LIMA,LIMA
-76.933709,-12.232431,12,Hospital de emergencias VES,HOSPITAL,VILLA EL SALVADOR,LIMA,LIMA
-76.85811,-12.228222,13,Centro Salud Pachacamac,CENTRO DE SALUD,PACHACAMAC,LIMA,LIMA
-76.920936,-12.224304,14,Puesto de Salud Pachacamac,OTROS,VILLA EL SALVADOR,LIMA,LIMA
-76.921527,-12.224085,15,Casa del Adulto Mayor,OTROS,VILLA EL SALVADOR,LIMA,LIMA
-76.934038,-12.221659,16,Centro de Salud,CENTRO DE SALUD,VILLA EL SALVADOR,LIMA,LIMA
-76.945509,-12.219091,17,Hospital Juan Pablo II,HOSPITAL,VILLA EL SALVADOR,LIMA,LIMA
-76.931852,-12.211079,18,Hospital Uldarico Rocca Fernandez ESSALUD,HOSPITAL,VILLA EL SALVADOR,LIMA,LIMA
-76.876855,-12.210294,19,Puesto de Salud Quebrada Verde,OTROS,PACHACAMAC,LIMA,LIMA
-76.907281,-12.210271,20,Centro de Salud Materno Infantil,CENTRO DE SALUD,VILLA MARIA DEL TRIUNFO,LIMA,LIMA
-77.01227,-12.207803,21,Policlinico Suarmedic,POLICLINICO,CHORRILLOS,LIMA,LIMA
-76.950268,-12.20371,22,Centro de Salud Senor de Milagros,CENTRO DE SALUD,VILLA EL SALVADOR,LIMA,LIMA
-76.931307,-12.203682,23,Hospital Villa Salud,HOSPITAL,VILLA EL SALVADOR,LIMA,LIMA
-76.952506,-12.198331,24,Policlinico San Pablo,POLICLINICO,VILLA EL SALVADOR,LIMA,LIMA
-76.954106,-12.194929,25,Centro Medico Velasquez,CENTRO MÉDICO,VILLA EL SALVADOR,LIMA,LIMA
-76.97549,-12.194221,26,Puesto de Salud Defensores de Lima,OTROS,SAN JUAN DE MIRAFLORES,LIMA,LIMA
-76.981804,-12.19369,27,Puesto de Salud Tupac Amaru,OTROS,CHORRILLOS,LIMA,LIMA
-76.960555,-12.193335,28,Hospital de la Solidaridad,HOSPITAL,VILLA EL SALVADOR,LIMA,LIMA
-76.92751,-12.1928,29,Posta Tablada de Lurin,POSTA,VILLA MARIA DEL TRIUNFO,LIMA,LIMA
-76.957289,-12.190479,30,Centro Salud Laderas de Villa,CENTRO DE SALUD,VILLA EL SALVADOR,LIMA,LIMA
-77.00584,-12.18887,31,Centro de Salud Buenos Aires de Villa,CENTRO DE SALUD,CHORRILLOS,LIMA,LIMA
-77.008213,-12.183889,32,Clinica Santa Leonor,CLÍNICA,CHORRILLOS,LIMA,LIMA
-77.013743,-12.179658,33,Policlinico La Casa de la Mujer,POLICLINICO,CHORRILLOS,LIMA,LIMA
-77.004298,-12.178671,34,Policlinico Rodriguez Lazo Essalud,POLICLINICO,CHORRILLOS,LIMA,LIMA
-76.945502,-12.177766,35,Posta de Salud,POSTA,VILLA MARIA DEL TRIUNFO,LIMA,LIMA
-76.945603,-12.177597,36,Micro Red de Salud Daniel Alcides Carrion,OTROS,VILLA MARIA DEL TRIUNFO,LIMA,LIMA
-76.965886,-12.177447,37,Centro Salud Trebol Azul,CENTRO DE SALUD,SAN JUAN DE MIRAFLORES,LIMA,LIMA
-77.022829,-12.176002,38,Posta de Salud Armatambo,POSTA,CHORRILLOS,LIMA,LIMA
-77.018678,-12.174611,39,Clinica Chorrillos,CLÍNICA,CHORRILLOS,LIMA,LIMA
-76.976257,-12.173525,40,Hogar de ni(os Santa Maria,OTROS,SAN JUAN DE MIRAFLORES,LIMA,LIMA
-76.932582,-12.17323,41,Nueva Esperanza,OTROS,VILLA MARIA DEL TRIUNFO,LIMA,LIMA
-76.976408,-12.172843,42,Hogar de ni os Padre Iluminato,OTROS,SAN JUAN DE MIRAFLORES,LIMA,LIMA
-76.949918,-12.172585,43,Puesto de Salud Micaela Bastidas,OTROS,VILLA MARIA DEL TRIUNFO,LIMA,LIMA
-77.024466,-12.172081,44,Clinica Parroquial San Francisco de Asis,CLÍNICA,CHORRILLOS,LIMA,LIMA
-76.968011,-12.170658,45,Centro Medico Valle Saron,CENTRO MÉDICO,SAN JUAN DE MIRAFLORES,LIMA,LIMA
-77.023985,-12.169427,46,Centro de Salud de Chorrillos,CENTRO DE SALUD,CHORRILLOS,LIMA,LIMA
-77.019011,-12.167854,47,Hospital de la Solidaridad,HOSPITAL,CHORRILLOS,LIMA,LIMA
-76.964965,-12.167289,48,Centro Salud Parroquial,CENTRO DE SALUD,SAN JUAN DE MIRAFLORES,LIMA,LIMA
-77.025873,-12.167124,49,Clinica Guadalupe,CLÍNICA,CHORRILLOS,LIMA,LIMA
-77.02277,-12.16639,50,Centro de Salud,CENTRO DE SALUD,CHORRILLOS,LIMA,LIMA
-76.948085,-12.165985,51,Policlinico PNP,POLICLINICO,VILLA MARIA DEL TRIUNFO,LIMA,LIMA
-76.990646,-12.165843,52,Surco Salud Sede Villa Alegre,OTROS,SANTIAGO DE SURCO,LIMA,LIMA
-77.01968,-12.165833,53,Centro de Salud Chorrillos,CENTRO DE SALUD,CHORRILLOS,LIMA,LIMA
-76.953226,-12.165497,54,Posta Medica,POSTA,VILLA MARIA DEL TRIUNFO,LIMA,LIMA
-76.96986,-12.164488,55,Centro de Urgencias Lima Sur,OTROS,SAN JUAN DE MIRAFLORES,LIMA,LIMA
-76.969404,-12.164451,56,Essalud,OTROS,SAN JUAN DE MIRAFLORES,LIMA,LIMA
-76.965297,-12.163072,57,Clinica Santa Maria del Sur,CLÍNICA,SAN JUAN DE MIRAFLORES,LIMA,LIMA
-77.019679,-12.162413,58,Instituto Geriatrico Militar,OTROS,CHORRILLOS,LIMA,LIMA
-77.023816,-12.162155,59,Hogar del Nino,OTROS,CHORRILLOS,LIMA,LIMA
-76.945306,-12.162077,60,Policlinico Comunitario,POLICLINICO,VILLA MARIA DEL TRIUNFO,LIMA,LIMA
-76.973275,-12.161379,61,Clinica Virgen de las Mercedes,CLÍNICA,SAN JUAN DE MIRAFLORES,LIMA,LIMA
-76.958792,-12.161134,62,Hospital Maria Auxiliadora,HOSPITAL,SAN JUAN DE MIRAFLORES,LIMA,LIMA
-76.957118,-12.160672,63,Entrada Emergencia Maria Auxiliadora,OTROS,SAN JUAN DE MIRAFLORES,LIMA,LIMA
-76.941257,-12.160301,64,Policlinico Santa Patricia,POLICLINICO,VILLA MARIA DEL TRIUNFO,LIMA,LIMA
-77.023523,-12.160191,65,Policlinico PNP,POLICLINICO,CHORRILLOS,LIMA,LIMA
-76.95881,-12.159653,66,Hospital de la Humanidad,HOSPITAL,SAN JUAN DE MIRAFLORES,LIMA,LIMA
-76.974844,-12.157762,67,Centro de Salud,CENTRO DE SALUD,SAN JUAN DE MIRAFLORES,LIMA,LIMA
-77.022899,-12.157153,68,Clinica Maison de Sante Sur,CLÍNICA,CHORRILLOS,LIMA,LIMA
-76.935867,-12.156919,69,Hospital Materno Infantil Villa Maria del Triunfo,HOSPITAL,VILLA MARIA DEL TRIUNFO,LIMA,LIMA
-77.020797,-12.155444,70,Centro Medico Baltazar Caravedo,CENTRO MÉDICO,CHORRILLOS,LIMA,LIMA
-76.972367,-12.15351,71,Centro de Salud Leonor Saavedra,CENTRO DE SALUD,SAN JUAN DE MIRAFLORES,LIMA,LIMA
-76.972858,-12.15331,72,Policlinico Miami Center,POLICLINICO,SAN JUAN DE MIRAFLORES,LIMA,LIMA
-76.975122,-12.153017,73,Oftalmo Salud,OTROS,SAN JUAN DE MIRAFLORES,LIMA,LIMA
-76.97223,-12.15246,74,Policlinico los Heroes,POLICLINICO,SAN JUAN DE MIRAFLORES,LIMA,LIMA
-76.968538,-12.152342,75,Hospital Materno Infantil Manuel Barreto,HOSPITAL,SAN JUAN DE MIRAFLORES,LIMA,LIMA
-76.988438,-12.150745,76,Policlinico Proceres ESSALUD,POLICLINICO,SANTIAGO DE SURCO,LIMA,LIMA
-77.02036,-12.150547,77,Centro Salud,CENTRO DE SALUD,BARRANCO,LIMA,LIMA
-76.942924,-12.149635,78,Puesto de Salud Valle Bajo,OTROS,VILLA MARIA DEL TRIUNFO,LIMA,LIMA
-76.967118,-12.14952,79,Clinica Pamplona,CLÍNICA,SAN JUAN DE MIRAFLORES,LIMA,LIMA
-76.968461,-12.147024,80,Puesto Salud El Brillante,OTROS,SAN JUAN DE MIRAFLORES,LIMA,LIMA
-77.015679,-12.147,81,Centro Medico Municipal,CENTRO MÉDICO,BARRANCO,LIMA,LIMA
-76.987906,-12.14535,82,Clinica Vista Alegre,CLÍNICA,SANTIAGO DE SURCO,LIMA,LIMA
-77.005483,-12.144406,83,Hospital Municipal Surco,HOSPITAL,SANTIAGO DE SURCO,LIMA,LIMA
-76.973577,-12.144143,84,Centro Medico Bedias,CENTRO MÉDICO,SAN JUAN DE MIRAFLORES,LIMA,LIMA
-77.016289,-12.143315,85,Policlinico Parroquial Jose Obrero,POLICLINICO,BARRANCO,LIMA,LIMA
-76.949805,-12.141514,86,Centro Salud Jose C. Mariategui,CENTRO DE SALUD,VILLA MARIA DEL TRIUNFO,LIMA,LIMA
-76.984454,-12.138019,87,Clinica Caminos del Inca,CLÍNICA,SANTIAGO DE SURCO,LIMA,LIMA
-76.959708,-12.136886,88,Centro Medico Nazarenas,CENTRO MÉDICO,SAN JUAN DE MIRAFLORES,LIMA,LIMA
-76.947992,-12.136639,89,Puesto de Salud San Gabriel Alto,OTROS,VILLA MARIA DEL TRIUNFO,LIMA,LIMA
-76.958423,-12.135875,90,Posta Medica,POSTA,SAN JUAN DE MIRAFLORES,LIMA,LIMA
-76.963501,-12.135469,91,Centro Salud Ollantay,CENTRO DE SALUD,SAN JUAN DE MIRAFLORES,LIMA,LIMA
-76.962412,-12.132771,92,Posta Medica,POSTA,SAN JUAN DE MIRAFLORES,LIMA,LIMA
-76.982801,-12.13275,93,Cruz Roja Policlinico Social,OTROS,SANTIAGO DE SURCO,LIMA,LIMA
-77.019326,-12.130395,94,Centro Medico las Americas,CENTRO MÉDICO,MIRAFLORES,LIMA,LIMA
-76.981031,-12.130243,95,Clinica Maison de Sante,CLÍNICA,SANTIAGO DE SURCO,LIMA,LIMA
-77.001603,-12.129331,96,Clinica Arroyo,CLÍNICA,SANTIAGO DE SURCO,LIMA,LIMA
-76.871541,-12.129321,97,Centro de Salud,CENTRO DE SALUD,PACHACAMAC,LIMA,LIMA
-77.017943,-12.12836,98,Hospital Casimiro Ulloa,HOSPITAL,MIRAFLORES,LIMA,LIMA
-76.990622,-12.128196,99,Laboratorio Clinico Roe,OTROS,SANTIAGO DE SURCO,LIMA,LIMA
-77.007656,-12.127789,100,Oncosalud,OTROS,MIRAFLORES,LIMA,LIMA
-77.011998,-12.127348,101,Neovida,OTROS,MIRAFLORES,LIMA,LIMA
-77.013495,-12.127158,102,Clinica Miraflores,CLÍNICA,MIRAFLORES,LIMA,LIMA
-77.028893,-12.12699,103,Clinica Sonreir,CLÍNICA,MIRAFLORES,LIMA,LIMA
-76.871728,-12.126984,104,Puesto de Salud Collananc,OTROS,PACHACAMAC,LIMA,LIMA
-76.959383,-12.126864,105,Puesto de Salud La Rinconada,OTROS,SAN JUAN DE MIRAFLORES,LIMA,LIMA
-77.002766,-12.126109,106,Instituto Medico del Lenguaje y Aprendizaje,OTROS,SURQUILLO,LIMA,LIMA
-77.034337,-12.125554,107,Clinica Good Hope,CLÍNICA,MIRAFLORES,LIMA,LIMA
-77.030309,-12.124617,108,Centro de diagnostico Miraflores,OTROS,MIRAFLORES,LIMA,LIMA
-77.029409,-12.12421,109,Centro de Prevencion ESSALUD,OTROS,MIRAFLORES,LIMA,LIMA
-76.998969,-12.121196,110,Puesto Salud San Antonio del Pedregal,OTROS,SURQUILLO,LIMA,LIMA
-76.997541,-12.120171,111,Clinica Veterinaria Rondon,CLÍNICA,SANTIAGO DE SURCO,LIMA,LIMA
-77.019713,-12.11941,112,Hospital de la Mujer,HOSPITAL,SURQUILLO,LIMA,LIMA
-77.036776,-12.118871,113,Centro de Salud Miraflores,CENTRO DE SALUD,MIRAFLORES,LIMA,LIMA
-77.022436,-12.118392,114,Centro de Salud Materno Infantil,CENTRO DE SALUD,SURQUILLO,LIMA,LIMA
-77.006991,-12.116974,115,Clinica Virgen Milagrosa,CLÍNICA,SURQUILLO,LIMA,LIMA
-76.870105,-12.116735,116,Puesto de Salud Huertos de Manchay,OTROS,PACHACAMAC,LIMA,LIMA
-76.995237,-12.115271,117,Omnia Medica,OTROS,SANTIAGO DE SURCO,LIMA,LIMA
-77.028551,-12.114202,118,Ortopedia Santa Lucia,OTROS,MIRAFLORES,LIMA,LIMA
-77.028575,-12.114035,119,Ortopedia Alemana,OTROS,MIRAFLORES,LIMA,LIMA
-77.033041,-12.113748,120,Clinica Delgado,CLÍNICA,MIRAFLORES,LIMA,LIMA
-77.028087,-12.113517,121,Policlinico Angamos ESSALUD,POLICLINICO,MIRAFLORES,LIMA,LIMA
-77.024045,-12.1135,122,Hospital de la Solidaridad,HOSPITAL,SURQUILLO,LIMA,LIMA
-77.023747,-12.113476,123,Clinica Dr Luis Quito,CLÍNICA,SURQUILLO,LIMA,LIMA
-77.023037,-12.113124,124,Policlinico Angamos PNP,POLICLINICO,SURQUILLO,LIMA,LIMA
-77.002835,-12.112153,125,San Lucas,OTROS,SURQUILLO,LIMA,LIMA
-76.999302,-12.111898,126,Hospital Neoplasicas INEN,HOSPITAL,SURQUILLO,LIMA,LIMA
-76.990702,-12.111345,127,Med Lab,OTROS,SANTIAGO DE SURCO,LIMA,LIMA
-76.818549,-12.111339,128,Centro de Salud,CENTRO DE SALUD,CIENEGUILLA,LIMA,LIMA
-76.989305,-12.111303,129,Clinica Nacer,CLÍNICA,SANTIAGO DE SURCO,LIMA,LIMA
-76.983515,-12.110855,130,Clinica Zegarra,CLÍNICA,SANTIAGO DE SURCO,LIMA,LIMA
-77.04008,-12.1103,131,Policlinico Miraflores,POLICLINICO,MIRAFLORES,LIMA,LIMA
-76.982155,-12.110261,132,Clinica Chacarilla,CLÍNICA,SAN BORJA,LIMA,LIMA
-77.02737,-12.109709,133,Clinica Suarez Essalud,CLÍNICA,MIRAFLORES,LIMA,LIMA
-77.037449,-12.109671,134,Clinica Maison de Sante San Isidro,CLÍNICA,SAN ISIDRO,LIMA,LIMA
-77.039276,-12.109353,135,Clinica Angloamericana,CLÍNICA,SAN ISIDRO,LIMA,LIMA
-77.039559,-12.109139,136,Urgencias Clinica Angloamericana,OTROS,SAN ISIDRO,LIMA,LIMA
-77.049796,-12.108995,137,Centro Medico Santa Cruz,CENTRO MÉDICO,MIRAFLORES,LIMA,LIMA
-77.032367,-12.108927,138,Independencia,OTROS,MIRAFLORES,LIMA,LIMA
-77.012035,-12.108892,139,Centro de Salud de Villa Victoria,CENTRO DE SALUD,SURQUILLO,LIMA,LIMA
-77.032721,-12.108609,140,Clinica oncologica,CLÍNICA,MIRAFLORES,LIMA,LIMA
-77.053473,-12.108461,141,Red Essalud,OTROS,SAN ISIDRO,LIMA,LIMA
-77.029933,-12.107688,142,Instituto Medico Miraflores,OTROS,MIRAFLORES,LIMA,LIMA
-77.050522,-12.107621,143,Posta de Salud,POSTA,SAN ISIDRO,LIMA,LIMA
-76.971494,-12.107025,144,Oncosalud,OTROS,SANTIAGO DE SURCO,LIMA,LIMA
-77.019811,-12.107003,145,Centro Medico Municipal Surquillo,CENTRO MÉDICO,SURQUILLO,LIMA,LIMA
-77.05494,-12.106926,146,Centro de Vacunacion Internacional,OTROS,SAN ISIDRO,LIMA,LIMA
-77.054954,-12.106898,147,Centro de Salud San Isidro,CENTRO DE SALUD,SAN ISIDRO,LIMA,LIMA
-76.971378,-12.106727,148,Clinica Internacional,CLÍNICA,SANTIAGO DE SURCO,LIMA,LIMA
-76.979627,-12.106576,149,Agusto Arriola Cirugia Estetica,OTROS,SAN BORJA,LIMA,LIMA
-77.007236,-12.106298,150,Clinica Vesalio,CLÍNICA,SAN BORJA,LIMA,LIMA
-77.030878,-12.106279,151,Clinica Famisalud,CLÍNICA,MIRAFLORES,LIMA,LIMA
-77.010908,-12.106142,152,Onco Care,OTROS,SAN ISIDRO,LIMA,LIMA
-77.001275,-12.106066,153,Clinica Municipal,CLÍNICA,SAN BORJA,LIMA,LIMA
-77.00754,-12.105706,154,Clinica Mueoz,CLÍNICA,SAN BORJA,LIMA,LIMA
-77.027801,-12.105651,155,Clinica del Cabello y la Piel,CLÍNICA,MIRAFLORES,LIMA,LIMA
-77.03216,-12.104758,156,Clinica Los Andes,CLÍNICA,MIRAFLORES,LIMA,LIMA
-76.972909,-12.104604,157,Otto Cedron Cirugia Plastica,OTROS,SANTIAGO DE SURCO,LIMA,LIMA
-77.020763,-12.104416,158,Clinica Santa Teresa,CLÍNICA,SURQUILLO,LIMA,LIMA
-77.029795,-12.104374,159,Clinica Hogar de la Madre,CLÍNICA,MIRAFLORES,LIMA,LIMA
-77.020636,-12.104351,160,Essalud Centro de Atencion Primaria,OTROS,SURQUILLO,LIMA,LIMA
-77.029556,-12.103945,161,Emergencia Hospital FAP,OTROS,MIRAFLORES,LIMA,LIMA
-77.029946,-12.103441,162,Hospital de la FAP,HOSPITAL,MIRAFLORES,LIMA,LIMA
-77.026207,-12.103399,163,Clinica Santa Maria,CLÍNICA,SURQUILLO,LIMA,LIMA
-76.97263,-12.103356,164,Clinica Montesur,CLÍNICA,SANTIAGO DE SURCO,LIMA,LIMA
-76.972323,-12.103185,165,Clinica Padre Luis Tezza,CLÍNICA,SANTIAGO DE SURCO,LIMA,LIMA
-76.972531,-12.10316,166,Clinica Morillas,CLÍNICA,SANTIAGO DE SURCO,LIMA,LIMA
-77.0207,-12.103108,167,Hospital FAP Geriatria y Salud Oral,HOSPITAL,SURQUILLO,LIMA,LIMA
-76.973883,-12.103043,168,Clinica Monterrico,CLÍNICA,SANTIAGO DE SURCO,LIMA,LIMA
-77.024862,-12.102829,169,Laboratorio Central de la Policia Nacional,OTROS,SURQUILLO,LIMA,LIMA
-76.993517,-12.102045,170,Centro de Salud San Borja,CENTRO DE SALUD,SAN BORJA,LIMA,LIMA
-76.972066,-12.101939,171,Escuela de Enfermeria Clinica Tezza,OTROS,SANTIAGO DE SURCO,LIMA,LIMA
-77.013457,-12.101068,172,Clinica Traumatologica Trausa,CLÍNICA,SAN ISIDRO,LIMA,LIMA
-77.013328,-12.100861,173,Laboratorios Blufstein - Anduaga,OTROS,SAN ISIDRO,LIMA,LIMA
-77.01941,-12.100629,174,Clinica Limatambo,CLÍNICA,SAN ISIDRO,LIMA,LIMA
-77.007977,-12.100475,175,Clinica de la Mujer,CLÍNICA,SAN BORJA,LIMA,LIMA
-76.971125,-12.10031,176,San Pablo Centro Oncologico,OTROS,SANTIAGO DE SURCO,LIMA,LIMA
-76.97136,-12.100188,177,Clinica San Pablo,CLÍNICA,SANTIAGO DE SURCO,LIMA,LIMA
-77.018594,-12.099749,178,Clinica Arroyo,CLÍNICA,SAN ISIDRO,LIMA,LIMA
-77.064521,-12.099447,179,Hospital Victor Larco Herrera,HOSPITAL,MAGDALENA DEL MAR,LIMA,LIMA
-77.032466,-12.099329,180,CIMEDIC Centro de imagenes medicas,OTROS,SAN ISIDRO,LIMA,LIMA
-77.05143,-12.098885,181,Clinica El Golf,CLÍNICA,SAN ISIDRO,LIMA,LIMA
-77.03144,-12.097862,182,OncoGyn,OTROS,SAN ISIDRO,LIMA,LIMA
-76.940912,-12.096079,183,Centro de Salud Visa Alta,CENTRO DE SALUD,LA MOLINA,LIMA,LIMA
-77.010451,-12.095381,184,Oncosalud,OTROS,SAN BORJA,LIMA,LIMA
-77.013311,-12.094992,185,Centro Oftalmologico Confia,OTROS,SAN ISIDRO,LIMA,LIMA
-77.013039,-12.094567,186,Neomedic,OTROS,SAN ISIDRO,LIMA,LIMA
-77.033195,-12.094287,187,ESSALUD,OTROS,SAN ISIDRO,LIMA,LIMA
-77.029199,-12.094251,188,Iglesia la Virgen de la Salud,OTROS,SAN ISIDRO,LIMA,LIMA
-77.045513,-12.094225,189,Centro Medico las Palmeras,CENTRO MÉDICO,SAN ISIDRO,LIMA,LIMA
-77.009415,-12.093507,190,Clinica Internacional Unidad de Rehabitacion,CLÍNICA,SAN BORJA,LIMA,LIMA
-77.035294,-12.093352,191,Concebir,OTROS,SAN ISIDRO,LIMA,LIMA
-77.023922,-12.093256,192,Clinica Internacional Medicentro San Isidro,CLÍNICA,SAN ISIDRO,LIMA,LIMA
-77.05939,-12.09251,193,Clinica Juvencia,CLÍNICA,MAGDALENA DEL MAR,LIMA,LIMA
-77.07021,-12.092462,194,Hospital de la Solidaridad,HOSPITAL,MAGDALENA DEL MAR,LIMA,LIMA
-77.008853,-12.092417,195,Clinica Internacional,CLÍNICA,SAN BORJA,LIMA,LIMA
-77.074231,-12.092142,196,Policlinico Santa Maria Magdalena,POLICLINICO,MAGDALENA DEL MAR,LIMA,LIMA
-77.008601,-12.091949,197,Clinica San Borja,CLÍNICA,SAN BORJA,LIMA,LIMA
-77.032203,-12.09165,198,Ortopedia Fabian,OTROS,SAN ISIDRO,LIMA,LIMA
-77.029069,-12.091511,199,Lain,OTROS,LINCE,LIMA,LIMA
-77.008788,-12.091491,200,Clinica de la Piel,CLÍNICA,SAN ISIDRO,LIMA,LIMA
-77.008361,-12.09149,201,Clinica Santa Lucia,CLÍNICA,SAN BORJA,LIMA,LIMA
-77.028776,-12.091472,202,Nueva Acropolis,OTROS,LINCE,LIMA,LIMA
-77.028379,-12.091407,203,Clinica Javier Prado,CLÍNICA,LINCE,LIMA,LIMA
-76.9496,-12.091063,204,Clinica Santa Margarita,CLÍNICA,LA MOLINA,LIMA,LIMA
-77.034768,-12.090969,205,Oral Medic,OTROS,SAN ISIDRO,LIMA,LIMA
-77.026,-12.090777,206,ONCOGYN,OTROS,LINCE,LIMA,LIMA
-77.025999,-12.090757,207,Procear,OTROS,LINCE,LIMA,LIMA
-77.057269,-12.090602,208,Clinica Cayetano Heredia,CLÍNICA,MAGDALENA DEL MAR,LIMA,LIMA
-77.018503,-12.09054,209,Clinica Ricardo Palma,CLÍNICA,SAN ISIDRO,LIMA,LIMA
-77.033411,-12.090461,210,Clinica Laboratorios Integrados,CLÍNICA,LINCE,LIMA,LIMA
-77.017007,-12.090307,211,Oftalmo Salud,OTROS,SAN ISIDRO,LIMA,LIMA
-77.016364,-12.090229,212,Resomasa,OTROS,SAN ISIDRO,LIMA,LIMA
-76.995291,-12.089639,213,Clinica de las Artes,CLÍNICA,SAN BORJA,LIMA,LIMA
-77.00738,-12.089398,214,Clinica Santa Isabel,CLÍNICA,SAN BORJA,LIMA,LIMA
-77.032903,-12.089076,215,Clinica de la Solidaridad,CLÍNICA,LINCE,LIMA,LIMA
-76.881877,-12.089012,216,Centro de Salud Portada de Manchay,CENTRO DE SALUD,PACHACAMAC,LIMA,LIMA
-77.033371,-12.08889,217,Clinica de la Seguridad,CLÍNICA,LINCE,LIMA,LIMA
-77.068752,-12.08856,218,Centro de Salud Magdalena,CENTRO DE SALUD,MAGDALENA DEL MAR,LIMA,LIMA
-77.033422,-12.088413,219,Clinica Santa Monica,CLÍNICA,LINCE,LIMA,LIMA
-77.054682,-12.087944,220,Policlinico Peruano Japones,POLICLINICO,JESUS MARIA,LIMA,LIMA
-77.072422,-12.087805,221,Clinica Rosario,CLÍNICA,MAGDALENA DEL MAR,LIMA,LIMA
-77.015881,-12.08759,222,Alerta Medica,OTROS,LA VICTORIA,LIMA,LIMA
-77.068557,-12.087511,223,Centro de Salud,CENTRO DE SALUD,MAGDALENA DEL MAR,LIMA,LIMA
-77.061037,-12.08748,224,Clinica Virgen de las Mercedes,CLÍNICA,JESUS MARIA,LIMA,LIMA
-77.061799,-12.086863,225,Hospital Militar,HOSPITAL,JESUS MARIA,LIMA,LIMA
-77.080746,-12.086752,226,Hospital Geriatrico PNP San Patricio,HOSPITAL,SAN MIGUEL,LIMA,LIMA
-77.068356,-12.08664,227,Policlinico Simon Llobet,POLICLINICO,MAGDALENA DEL MAR,LIMA,LIMA
-77.02764,-12.086498,228,Alfredo Piazza Roberts ESSALUD,OTROS,LINCE,LIMA,LIMA
-77.054357,-12.086191,229,Clinica San Felipe,CLÍNICA,JESUS MARIA,LIMA,LIMA
-77.055452,-12.08606,230,Policlinico Peruano Japones,POLICLINICO,JESUS MARIA,LIMA,LIMA
-76.992681,-12.085748,231,Instituto Nacional del Ni o,OTROS,SAN BORJA,LIMA,LIMA
-77.050247,-12.085377,232,Clinica Hogar de Maria,CLÍNICA,JESUS MARIA,LIMA,LIMA
-77.053319,-12.085319,233,Medavan,OTROS,JESUS MARIA,LIMA,LIMA
-76.97716,-12.085025,234,Jockey Salud,OTROS,SANTIAGO DE SURCO,LIMA,LIMA
-77.057297,-12.084781,235,Centro Medico Jesus Maria,CENTRO MÉDICO,JESUS MARIA,LIMA,LIMA
-77.034631,-12.084562,236,Clinica de la Solidaridad,CLÍNICA,LINCE,LIMA,LIMA
-77.096478,-12.084508,237,Hospital de la Solidaridad,HOSPITAL,SAN MIGUEL,LIMA,LIMA
-77.002422,-12.08429,238,Centro Salud Villa Victoria,CENTRO DE SALUD,SAN BORJA,LIMA,LIMA
-77.060991,-12.084195,239,Hospital de Policia PNP Luis N. Saenz,HOSPITAL,JESUS MARIA,LIMA,LIMA
-77.048991,-12.083838,240,Inppares,OTROS,JESUS MARIA,LIMA,LIMA
-77.034436,-12.083393,241,Clinica Opeluce,CLÍNICA,LINCE,LIMA,LIMA
-77.034825,-12.082973,242,Centro de Diagnostico Principe,OTROS,LINCE,LIMA,LIMA
-77.032727,-12.082957,243,Policlinico Gonzales,POLICLINICO,LINCE,LIMA,LIMA
-77.034903,-12.082605,244,Clinica Principe,CLÍNICA,LINCE,LIMA,LIMA
-77.0232,-12.082548,245,Clinica de Otorrino,CLÍNICA,LA VICTORIA,LIMA,LIMA
-77.055703,-12.082544,246,Casa del Adulto Mayor de Jesus Maria,OTROS,JESUS MARIA,LIMA,LIMA
-76.968988,-12.082384,247,Centro Medico San Felipe,CENTRO MÉDICO,LA MOLINA,LIMA,LIMA
-77.033375,-12.082341,248,Medicheck,OTROS,LINCE,LIMA,LIMA
-77.031848,-12.081969,249,Centro de Salud Lince,CENTRO DE SALUD,LINCE,LIMA,LIMA
-77.047377,-12.081837,250,Fertilab,OTROS,JESUS MARIA,LIMA,LIMA
-77.101478,-12.08174,251,Policlinico Municipal San Miguel,POLICLINICO,SAN MIGUEL,LIMA,LIMA
-77.098608,-12.08166,252,Centro de Salud San Miguel,CENTRO DE SALUD,SAN MIGUEL,LIMA,LIMA
-77.020143,-12.081379,253,Centro del Adulto Mayor Pierola Essalud,OTROS,LA VICTORIA,LIMA,LIMA
-77.057883,-12.081162,254,Clinica San Francisco,CLÍNICA,JESUS MARIA,LIMA,LIMA
-76.935326,-12.08056,255,Centro de Salud,CENTRO DE SALUD,LA MOLINA,LIMA,LIMA
-77.039398,-12.079893,256,Emergencia Rebagliatti,OTROS,JESUS MARIA,LIMA,LIMA
-77.079946,-12.079822,257,Clinica San Judas Tadeo,CLÍNICA,SAN MIGUEL,LIMA,LIMA
-77.040219,-12.079767,258,Hospital Edgardo Rebagliati ESSALUD,HOSPITAL,JESUS MARIA,LIMA,LIMA
-77.001779,-12.079766,259,Hospital Policial San Ramon,HOSPITAL,SAN LUIS,LIMA,LIMA
-77.03671,-12.079645,260,Sede Seguro Social del Peru ESSALUD,OTROS,JESUS MARIA,LIMA,LIMA
-76.991891,-12.079563,261,Clinica San Jose Marello,CLÍNICA,SAN LUIS,LIMA,LIMA
-77.032956,-12.079482,262,Policlinico Rospigliosi,POLICLINICO,LINCE,LIMA,LIMA
-77.036215,-12.078873,263,Clinica del dolor Muscular y huesos,CLÍNICA,LIMA,LIMA,LIMA
-76.968188,-12.07879,264,Organizacion Panamericana de la Salud - OPS,OTROS,LA MOLINA,LIMA,LIMA
-77.036808,-12.07829,265,PADOMI Essalud,OTROS,JESUS MARIA,LIMA,LIMA
-77.086809,-12.078274,266,ESSALUD,OTROS,SAN MIGUEL,LIMA,LIMA
-77.053126,-12.077881,267,Centro de Salud Essalud,CENTRO DE SALUD,JESUS MARIA,LIMA,LIMA
-76.916337,-12.077555,268,Centro Medico Municipal,CENTRO MÉDICO,LA MOLINA,LIMA,LIMA
-77.048424,-12.077378,269,Solidaridad Clinica Jesus Redentor,OTROS,JESUS MARIA,LIMA,LIMA
-77.042341,-12.077316,270,Clinica Cadamujer,CLÍNICA,JESUS MARIA,LIMA,LIMA
-77.064785,-12.077185,271,Clinica Dental H E,CLÍNICA,MAGDALENA VIEJA,LIMA,LIMA
-77.038468,-12.077169,272,Centro Nacional de Salud Renal CNSR,CENTRO DE SALUD,JESUS MARIA,LIMA,LIMA
-77.046467,-12.077112,273,Consultorio Medico Manyari,OTROS,JESUS MARIA,LIMA,LIMA
-77.039686,-12.077018,274,Instituto del Corazon (Incor),OTROS,JESUS MARIA,LIMA,LIMA
-77.095738,-12.076485,275,Clinica San Gabriel,CLÍNICA,SAN MIGUEL,LIMA,LIMA
-77.042617,-12.076413,276,Instituto Peruano de la Vision,OTROS,JESUS MARIA,LIMA,LIMA
-77.035846,-12.076248,277,Clinica La Luz,CLÍNICA,LIMA,LIMA,LIMA
-76.989688,-12.076238,278,Centro de Salud de Salamanca,CENTRO DE SALUD,ATE,LIMA,LIMA
-77.022943,-12.075441,279,Policlinico Nuestra Sra de Guadalupe,POLICLINICO,LA VICTORIA,LIMA,LIMA
-77.042941,-12.07475,280,Clinica de la Piel,CLÍNICA,JESUS MARIA,LIMA,LIMA
-77.048544,-12.074522,281,Centro Medico Asistencial,CENTRO MÉDICO,JESUS MARIA,LIMA,LIMA
-77.054854,-12.074491,282,Clinica Estomatologica - UIGV,CLÍNICA,MAGDALENA VIEJA,LIMA,LIMA
-76.955996,-12.074362,283,Clinica Anglo Americana,CLÍNICA,LA MOLINA,LIMA,LIMA
-77.008634,-12.073525,284,Centro Medico Santa Maria,CENTRO MÉDICO,LA VICTORIA,LIMA,LIMA
-76.991967,-12.07332,285,Clinica San Luis Essalud,CLÍNICA,SAN LUIS,LIMA,LIMA
-77.049045,-12.073,286,Cruz Roja Peruana,OTROS,JESUS MARIA,LIMA,LIMA
-77.059141,-12.072859,287,Clinica Centenario Peruano Japonesa,CLÍNICA,MAGDALENA VIEJA,LIMA,LIMA
-77.042497,-12.072669,288,Centro Medico Moderno,CENTRO MÉDICO,JESUS MARIA,LIMA,LIMA
-77.038396,-12.072507,289,Clinica ESSALUD Pablo Bermudez,CLÍNICA,JESUS MARIA,LIMA,LIMA
-77.124382,-12.072233,290,Policlinico PNP Callao,POLICLINICO,LA PERLA,CALLAO,CALLAO
-77.040007,-12.072219,291,Centro Adulto Mayor Pablo Bermudez,OTROS,JESUS MARIA,LIMA,LIMA
-77.061294,-12.071729,292,Hospital Santa Rosa,HOSPITAL,MAGDALENA VIEJA,LIMA,LIMA
-77.049739,-12.071633,293,Policlinico Municipal Jesus Maria,POLICLINICO,JESUS MARIA,LIMA,LIMA
-77.050249,-12.071209,294,Clinica Arroyo,CLÍNICA,JESUS MARIA,LIMA,LIMA
-77.16643,-12.07111,295,Escuela Naval,OTROS,LA PUNTA,CALLAO,CALLAO
-77.059317,-12.070875,296,Clinica Stella Maris,CLÍNICA,MAGDALENA VIEJA,LIMA,LIMA
-77.087435,-12.070574,297,Primeros Auxilios,OTROS,SAN MIGUEL,LIMA,LIMA
-77.093362,-12.070561,298,Policlinico Parroquial,POLICLINICO,SAN MIGUEL,LIMA,LIMA
-77.01696,-12.070528,299,Unidad Basica de Atencion Primaria Gamarra,OTROS,LA VICTORIA,LIMA,LIMA
-76.967566,-12.070364,300,Puesto Salud Matazango,OTROS,LA MOLINA,LIMA,LIMA
-77.117976,-12.069576,301,Centro de Salud Altamar,CENTRO DE SALUD,LA PERLA,CALLAO,CALLAO
-76.995939,-12.069505,302,Complejo Polideportivo San Luis,OTROS,SAN LUIS,LIMA,LIMA
-77.15809,-12.068406,303,Centro de Salud la Punta,CENTRO DE SALUD,LA PUNTA,CALLAO,CALLAO
-77.014005,-12.067429,304,Consultorio Gineco Obstetrico San Marcos,OTROS,LA VICTORIA,LIMA,LIMA
-77.028893,-12.067335,305,Hospital de la Solidaridad,HOSPITAL,LA VICTORIA,LIMA,LIMA
-77.072741,-12.066805,306,San Ignacio de Loyola,OTROS,LIMA,LIMA,LIMA
-77.015558,-12.066424,307,Centro Medico Santa Isabel de Hungria,CENTRO MÉDICO,LA VICTORIA,LIMA,LIMA
-77.094565,-12.066022,308,Policlinico Octavio Mongrut,POLICLINICO,SAN MIGUEL,LIMA,LIMA
-77.144202,-12.065641,309,Policia Nacional Sub Unidad de Acciones Tacticas,OTROS,CALLAO,CALLAO,CALLAO
-76.966531,-12.06564,310,Clinica Montefiori,CLÍNICA,LA MOLINA,LIMA,LIMA
-77.045659,-12.064987,311,Hospital del Ni,HOSPITAL,BREÑA,LIMA,LIMA
-76.989791,-12.064814,312,Hogar Clinica San Juan de Dios,OTROS,SAN LUIS,LIMA,LIMA
-77.045473,-12.064615,313,Centro de Vacunacion del Hospital del Niuo,OTROS,BREÑA,LIMA,LIMA
-77.124408,-12.064272,314,Hospital San Juan de Dios del Callao,HOSPITAL,BELLAVISTA,CALLAO,CALLAO
-77.121315,-12.064124,315,Hospital Regional Alberto Sabogal,HOSPITAL,BELLAVISTA,CALLAO,CALLAO
-77.057893,-12.064025,316,Centro de Salud Brena,CENTRO DE SALUD,BREÑA,LIMA,LIMA
-77.048037,-12.063719,317,Clinica San Marcos,CLÍNICA,BREÑA,LIMA,LIMA
-77.122256,-12.0634,318,Policlinico Essalud del Callao,POLICLINICO,BELLAVISTA,CALLAO,CALLAO
-77.122928,-12.062943,319,Hospital Daniel Alcides Carrion,HOSPITAL,BELLAVISTA,CALLAO,CALLAO
-77.043436,-12.062929,320,Policlinico Emaus,POLICLINICO,LIMA,LIMA,LIMA
-76.961552,-12.062783,321,Clinica Docente UPC,CLÍNICA,ATE,LIMA,LIMA
-77.039266,-12.062734,322,Policlinico Chincha ESSALUD,POLICLINICO,LIMA,LIMA,LIMA
-76.945308,-12.062048,323,Hospital ESSALUD Carlos Alcantara Butterfield,HOSPITAL,LA MOLINA,LIMA,LIMA
-77.006839,-12.061949,324,Centro de Salud San Cosme,CENTRO DE SALUD,LA VICTORIA,LIMA,LIMA
-77.106525,-12.061774,325,Centro de Salud Peru - Corea,CENTRO DE SALUD,BELLAVISTA,CALLAO,CALLAO
-77.042509,-12.061763,326,Misalud DIGIEM,OTROS,LIMA,LIMA,LIMA
-77.090193,-12.061596,327,Centro Medico Naval,CENTRO MÉDICO,BELLAVISTA,CALLAO,CALLAO
-77.021434,-12.061271,328,Essalud Centro de Reabilitacion,OTROS,LA VICTORIA,LIMA,LIMA
-77.022749,-12.061057,329,Hospital Almenara Consultas,HOSPITAL,LA VICTORIA,LIMA,LIMA
-77.143416,-12.060969,330,Essalud Alberto Leopoldo Barton,OTROS,CALLAO,CALLAO,CALLAO
-77.132324,-12.060948,331,Policlinico Bien,POLICLINICO,BELLAVISTA,CALLAO,CALLAO
-77.032127,-12.060938,332,Direccion de Salud V,OTROS,LA VICTORIA,LIMA,LIMA
-77.029793,-12.060897,333,Clinica Sisol,CLÍNICA,LA VICTORIA,LIMA,LIMA
-77.021676,-12.060648,334,Emergencia Hospital Almenara,OTROS,LA VICTORIA,LIMA,LIMA
-77.136113,-12.060075,335,Santa Natalia,OTROS,CALLAO,CALLAO,CALLAO
-77.128335,-12.060042,336,Centro del Adulto Mayor Essalud,OTROS,BELLAVISTA,CALLAO,CALLAO
-76.996412,-12.060024,337,Centro de Salud San Fernando,CENTRO DE SALUD,ATE,LIMA,LIMA
-77.136867,-12.060006,338,Centro de Salud Manuel Bonilla,CENTRO DE SALUD,CALLAO,CALLAO,CALLAO
-77.108992,-12.059838,339,Policlinico Bellavista Essalud,POLICLINICO,BELLAVISTA,CALLAO,CALLAO
-77.040184,-12.059152,340,Clinica Geriatrica Ancije Essalud,CLÍNICA,LIMA,LIMA,LIMA
-77.039072,-12.059136,341,Emergencia Clinica Internacional,OTROS,LIMA,LIMA,LIMA
-77.031025,-12.058963,342,Hospital Grau,HOSPITAL,LIMA,LIMA,LIMA
-77.146283,-12.058864,343,DIUSAN PNP Callao,OTROS,CALLAO,CALLAO,CALLAO
-77.023962,-12.058561,344,Clinica Dr Luis Quito,CLÍNICA,LA VICTORIA,LIMA,LIMA
-77.023686,-12.058534,345,Emergencias Pediatricas,OTROS,LA VICTORIA,LIMA,LIMA
-77.023247,-12.058467,346,Centro Medico Dr Luis Quito,CENTRO MÉDICO,LA VICTORIA,LIMA,LIMA
-77.02246,-12.058371,347,Hospital Guillermo Almenara ESSALUD,HOSPITAL,LA VICTORIA,LIMA,LIMA
-77.03822,-12.058363,348,Clinica Internacional,CLÍNICA,LIMA,LIMA,LIMA
-77.10477,-12.05826,349,Posta Medica,POSTA,BELLAVISTA,CALLAO,CALLAO
-77.021637,-12.058254,350,Hospital de Emergencias Pediatricas,HOSPITAL,LA VICTORIA,LIMA,LIMA
-77.020685,-12.058131,351,Clinica Dr Servan,CLÍNICA,LA VICTORIA,LIMA,LIMA
-77.021614,-12.057811,352,Clinica Dr Servan,CLÍNICA,LIMA,LIMA,LIMA
-77.060144,-12.057661,353,Centro Medico San Rafael,CENTRO MÉDICO,LIMA,LIMA,LIMA
-77.096642,-12.057644,354,Clinica Bellavista,CLÍNICA,BELLAVISTA,CALLAO,CALLAO
-77.034,-12.057261,355,Maison de Sante,OTROS,LIMA,LIMA,LIMA
-77.041533,-12.05726,356,Septima Region Policial,OTROS,LIMA,LIMA,LIMA
-77.016334,-12.057055,357,Consultorios Externos Hospital 2 de Mayo,OTROS,LIMA,LIMA,LIMA
-77.026294,-12.05699,358,Centro Medico Moderno,CENTRO MÉDICO,LIMA,LIMA,LIMA
-77.022013,-12.056772,359,Morgue Central de Lima,OTROS,LIMA,LIMA,LIMA
-77.01507,-12.056565,360,Hospital Dos de Mayo Emergencia,HOSPITAL,LIMA,LIMA,LIMA
-77.016789,-12.056402,361,Hospital Dos de Mayo,HOSPITAL,LIMA,LIMA,LIMA
-77.017972,-12.055729,362,Policlinico Parroquial Sra Cocharcas,POLICLINICO,LIMA,LIMA,LIMA
-77.08202,-12.055619,363,Clinica Universitaria,CLÍNICA,LIMA,LIMA,LIMA
-77.019445,-12.055615,364,Centro de Salud,CENTRO DE SALUD,LIMA,LIMA,LIMA
-77.129063,-12.054327,365,Centro de Salud Municipal,CENTRO DE SALUD,CALLAO,CALLAO,CALLAO
-77.087553,-12.054064,366,Instituto de Medicina Tropical UNMSM,OTROS,LIMA,LIMA,LIMA
-77.123382,-12.053976,367,Centro de Salud Santa Fe,CENTRO DE SALUD,CALLAO,CALLAO,CALLAO
-77.04814,-12.053976,368,Centro de Salud Chacra Colorada,CENTRO DE SALUD,BREÑA,LIMA,LIMA
-77.138832,-12.05393,369,Centro de Salud Alberto Barton,CENTRO DE SALUD,CALLAO,CALLAO,CALLAO
-77.028536,-12.053849,370,Polisalud,OTROS,LIMA,LIMA,LIMA
-77.022837,-12.053721,371,Centro de Salud Perez Carranza Adicciones,CENTRO DE SALUD,LIMA,LIMA,LIMA
-77.119766,-12.053235,372,Centro de Salud Jose Boterin,CENTRO DE SALUD,CALLAO,CALLAO,CALLAO
-77.023019,-12.053186,373,Centro de Salud Raul Patrucco Puig,CENTRO DE SALUD,LIMA,LIMA,LIMA
-76.951636,-12.052893,374,Policlinico Nuestra Setora de la Cruz,POLICLINICO,ATE,LIMA,LIMA
-77.021903,-12.052857,375,Maternidad de Lima,OTROS,LIMA,LIMA,LIMA
-77.041963,-12.052711,376,Clinica Senor de los Milagros,CLÍNICA,LIMA,LIMA,LIMA
-77.021372,-12.052091,377,Instituto Materno Perinatal - IMP,OTROS,LIMA,LIMA,LIMA
-77.078286,-12.052078,378,Gerencia de Salud - MML,OTROS,LIMA,LIMA,LIMA
-77.046044,-12.051836,379,Consultorio Psicologico UNMSM,OTROS,BREÑA,LIMA,LIMA
-77.004891,-12.051099,380,Centro de Salud Madre Teresa de Calcuta,CENTRO DE SALUD,EL AGUSTINO,LIMA,LIMA
-77.036765,-12.050146,381,Clinica Internacional Emancipacion,CLÍNICA,LIMA,LIMA,LIMA
-77.042719,-12.050081,382,Hospital Arzobispo Loayza,HOSPITAL,LIMA,LIMA,LIMA
-77.06214,-12.050049,383,Centro de Salud Antirrabico,CENTRO DE SALUD,LIMA,LIMA,LIMA
-77.042195,-12.049867,384,Hospital San Bartolome,HOSPITAL,LIMA,LIMA,LIMA
-77.03054,-12.049476,385,Clinica Miro Quesada,CLÍNICA,LIMA,LIMA,LIMA
-77.035249,-12.049358,386,Clinica de la Solidaridad,CLÍNICA,LIMA,LIMA,LIMA
-77.045487,-12.049284,387,Emergencia Materno Infantil hospital Loayza,OTROS,LIMA,LIMA,LIMA
-77.068664,-12.049179,388,SISOL Mirones,OTROS,LIMA,LIMA,LIMA
-77.107796,-12.049068,389,Hospital Alberto Barton,HOSPITAL,CALLAO,CALLAO,CALLAO
-76.948077,-12.047617,390,Clinica Geriatrica San Pedro Labrador,CLÍNICA,SANTA ANITA,LIMA,LIMA
-77.02192,-12.047523,391,Clinica San Camilo,CLÍNICA,LIMA,LIMA,LIMA
-76.947557,-12.047379,392,Hospital Jorge Voto Bernales Essalud,HOSPITAL,SANTA ANITA,LIMA,LIMA
-77.036047,-12.047345,393,CC de Articulos Medicos,OTROS,LIMA,LIMA,LIMA
-77.042479,-12.047134,394,Policlinico 2 de Mayo,POLICLINICO,LIMA,LIMA,LIMA
-77.109206,-12.046823,395,Essalud Salog,OTROS,CALLAO,CALLAO,CALLAO
-77.022244,-12.046767,396,Consultorio Medico San Camilo,OTROS,LIMA,LIMA,LIMA
-76.945918,-12.04654,397,Hermilio Valdizan,OTROS,SANTA ANITA,LIMA,LIMA
-76.984354,-12.046492,398,Centro de Salud Nocheto,CENTRO DE SALUD,SANTA ANITA,LIMA,LIMA
-77.033121,-12.046093,399,Policlinico Lima,POLICLINICO,LIMA,LIMA,LIMA
-77.015573,-12.046023,400,Instituto Nacional de Ciencias Neurologicas Oscar Trelles Montes,OTROS,LIMA,LIMA,LIMA
-77.045753,-12.045347,401,Policlinico las Malvinas,POLICLINICO,LIMA,LIMA,LIMA
-77.044013,-12.044985,402,Ramon Castilla ESSALUD,OTROS,LIMA,LIMA,LIMA
-76.998065,-12.044686,403,Essalud Centro Atencion Primaria del Agustino,OTROS,EL AGUSTINO,LIMA,LIMA
-77.098693,-12.042956,404,Hospital San Jose,HOSPITAL,CARMEN DE LA LEGUA REYNOSO,CALLAO,CALLAO
-77.038778,-12.042804,405,Centro de Salud San Sebastian,CENTRO DE SALUD,LIMA,LIMA,LIMA
-76.974725,-12.042445,406,Posta Medica,POSTA,SANTA ANITA,LIMA,LIMA
-77.02289,-12.042078,407,Hospital de la Solidaridad,HOSPITAL,RIMAC,LIMA,LIMA
-77.068872,-12.041227,408,Centro de Salud Palermo,CENTRO DE SALUD,LIMA,LIMA,LIMA
-76.969125,-12.041135,409,Centro De Salud Materno Infantil Santa Anita,CENTRO DE SALUD,SANTA ANITA,LIMA,LIMA
-77.122306,-12.040875,410,Centro de Salud Ramon Castilla,CENTRO DE SALUD,CALLAO,CALLAO,CALLAO
-76.984229,-12.040579,411,Posta Medica,POSTA,SANTA ANITA,LIMA,LIMA
-77.000948,-12.040339,412,Policlinico Casa de la Mujer,POLICLINICO,EL AGUSTINO,LIMA,LIMA
-76.993542,-12.040109,413,Hospital Hipolito Unanue,HOSPITAL,EL AGUSTINO,LIMA,LIMA
-76.997227,-12.039843,414,Hospital de la Solidaridad,HOSPITAL,EL AGUSTINO,LIMA,LIMA
-76.958139,-12.039757,415,Centro Salud San Carlos,CENTRO DE SALUD,SANTA ANITA,LIMA,LIMA
-76.991731,-12.039628,416,Policlinico el Angel,POLICLINICO,EL AGUSTINO,LIMA,LIMA
-76.958304,-12.039556,417,Centro de Salud San Carlos,CENTRO DE SALUD,SANTA ANITA,LIMA,LIMA
-77.016824,-12.039416,418,Centro de Salud Piedra Liza,CENTRO DE SALUD,RIMAC,LIMA,LIMA
-77.058147,-12.039215,419,Posta Medica,POSTA,LIMA,LIMA,LIMA
-77.025163,-12.038631,420,Asilo Viuda de Canevaro,OTROS,RIMAC,LIMA,LIMA
-77.063383,-12.038437,421,Posta Medica El Planeta,POSTA,LIMA,LIMA,LIMA
-77.026314,-12.038127,422,Asistencia Social,OTROS,RIMAC,LIMA,LIMA
-77.055159,-12.037498,423,Villa Maria del Perpetuo Socorro,OTROS,LIMA,LIMA,LIMA
-77.02627,-12.037251,424,Clinica La Alameda,CLÍNICA,RIMAC,LIMA,LIMA
-77.034891,-12.036915,425,Clinica Francisco Pizarro ESSALUD,CLÍNICA,RIMAC,LIMA,LIMA
-77.037701,-12.036049,426,Essalud Centro Adulto Mayor,OTROS,RIMAC,LIMA,LIMA
-76.951742,-12.035647,427,Clinica Municipal Santa Anita,CLÍNICA,SANTA ANITA,LIMA,LIMA
-77.0258,-12.03524,428,Hospicio Santa Gemma,OTROS,RIMAC,LIMA,LIMA
-77.033836,-12.035063,429,Hospital FFPP Augusto B Leguia,HOSPITAL,RIMAC,LIMA,LIMA
-77.054808,-12.034794,430,Posta Medica,POSTA,SAN MARTIN DE PORRES,LIMA,LIMA
-77.033564,-12.034417,431,Centro Materno Infantil del Rimac,OTROS,RIMAC,LIMA,LIMA
-77.024504,-12.034377,432,Casa de Retiro San Francisco de Solano,OTROS,RIMAC,LIMA,LIMA
-77.024556,-12.0341,433,Centro de Salud Nuestra Sra de los Angeles,CENTRO DE SALUD,RIMAC,LIMA,LIMA
-77.033352,-12.033967,434,Direccion de Salud Norte,OTROS,RIMAC,LIMA,LIMA
-77.098972,-12.03339,435,Centro de Salud Aeropuerto,CENTRO DE SALUD,CALLAO,CALLAO,CALLAO
-76.962412,-12.032369,436,Local Ministerio de Salud,OTROS,SANTA ANITA,LIMA,LIMA
-77.066517,-12.032111,437,Policlinico Parroquial,POLICLINICO,SAN MARTIN DE PORRES,LIMA,LIMA
-77.030829,-12.031578,438,Posta Leoncio Prado,POSTA,RIMAC,LIMA,LIMA
-77.081568,-12.031218,439,Clinica San Vicente,CLÍNICA,SAN MARTIN DE PORRES,LIMA,LIMA
-77.086002,-12.031166,440,Centro de Salud Peru 4ta Zona,CENTRO DE SALUD,SAN MARTIN DE PORRES,LIMA,LIMA
-77.011663,-12.031049,441,Policlinico Zarate,POLICLINICO,SAN JUAN DE LURIGANCHO,LIMA,LIMA
-77.043802,-12.030868,442,Centro de Salud Caqueta,CENTRO DE SALUD,RIMAC,LIMA,LIMA
-76.889161,-12.030717,443,Posta Medica,POSTA,ATE,LIMA,LIMA
-77.090177,-12.030565,444,Hospital de la Solidaridad,HOSPITAL,SAN MARTIN DE PORRES,LIMA,LIMA
-77.031842,-12.030545,445,Centro Medico Parroquial,CENTRO MÉDICO,RIMAC,LIMA,LIMA
-77.091117,-12.030486,446,Essalud,OTROS,SAN MARTIN DE PORRES,LIMA,LIMA
-77.031583,-12.030211,447,Posta Medica Guadalupe,POSTA,RIMAC,LIMA,LIMA
-76.937385,-12.029353,448,Policlinico los Virreyes,POLICLINICO,ATE,LIMA,LIMA
-76.935867,-12.029348,449,Centro Medico Cuba,CENTRO MÉDICO,ATE,LIMA,LIMA
-76.926713,-12.0293,450,Policlinico Internacional,POLICLINICO,ATE,LIMA,LIMA
-76.926222,-12.029019,451,Hospital de la Solidaridad,HOSPITAL,ATE,LIMA,LIMA
-76.923486,-12.028614,452,Policlinico Medical,POLICLINICO,ATE,LIMA,LIMA
-77.076463,-12.028524,453,Centro de Salud,CENTRO DE SALUD,SAN MARTIN DE PORRES,LIMA,LIMA
-76.905471,-12.028387,454,Clinica Dr Quito,CLÍNICA,ATE,LIMA,LIMA
-76.904841,-12.028371,455,Policlinico Nuestra Seeora del Sagrado Corazon,POLICLINICO,ATE,LIMA,LIMA
-77.046369,-12.028134,456,Hospital Guia Ex Leprosorio,HOSPITAL,SAN MARTIN DE PORRES,LIMA,LIMA
-76.901599,-12.027812,457,Policlinico Movil,POLICLINICO,ATE,LIMA,LIMA
-76.922552,-12.027772,458,Policlinico Mision Salud,POLICLINICO,ATE,LIMA,LIMA
-76.992626,-12.027733,459,Centro de Salud Betania,CENTRO DE SALUD,EL AGUSTINO,LIMA,LIMA
-77.011355,-12.027145,460,Centro Salud Caja de Agua,CENTRO DE SALUD,SAN JUAN DE LURIGANCHO,LIMA,LIMA
-76.923459,-12.02698,461,Hospital ESSALUD,HOSPITAL,ATE,LIMA,LIMA
-76.919446,-12.026573,462,Emergencia Hospital Vitarte,OTROS,ATE,LIMA,LIMA
-76.822596,-12.026567,463,Centro de Salud Seaor de los Milagros,CENTRO DE SALUD,ATE,LIMA,LIMA
-76.920159,-12.026355,464,Hospital Vitarte,HOSPITAL,ATE,LIMA,LIMA
-77.129133,-12.026344,465,Centro Salud Juan Pablo II,CENTRO DE SALUD,CALLAO,CALLAO,CALLAO
-76.919274,-12.025855,466,Hospital de la Solidaridad,HOSPITAL,ATE,LIMA,LIMA
-77.015503,-12.025673,467,Centro de Salud,CENTRO DE SALUD,SAN JUAN DE LURIGANCHO,LIMA,LIMA
-77.033424,-12.025315,468,Posta Essalud,POSTA,RIMAC,LIMA,LIMA
-77.100943,-12.025037,469,Posta Medica Poligono IV,POSTA,CALLAO,CALLAO,CALLAO
-77.027756,-12.024557,470,Centro de Salud Ciudad y Campo,CENTRO DE SALUD,RIMAC,LIMA,LIMA
-77.13661,-12.02356,471,Posta Medica,POSTA,CALLAO,CALLAO,CALLAO
-76.973499,-12.023277,472,Policlinico Musalab,POLICLINICO,SAN JUAN DE LURIGANCHO,LIMA,LIMA
-77.055557,-12.023132,473,Instituto de Medicina Tropical Alexander Von Humbolt,OTROS,SAN MARTIN DE PORRES,LIMA,LIMA
-77.055389,-12.022894,474,Hospital Cayetano Heredia,HOSPITAL,SAN MARTIN DE PORRES,LIMA,LIMA
-77.02811,-12.0228,475,Posta Medica,POSTA,RIMAC,LIMA,LIMA
-77.000873,-12.022758,476,Essalud Agencia SJL,OTROS,SAN JUAN DE LURIGANCHO,LIMA,LIMA
-77.081158,-12.022506,477,Centro de Salud,CENTRO DE SALUD,SAN MARTIN DE PORRES,LIMA,LIMA
-77.006413,-12.022219,478,Clinica Dr Servan,CLÍNICA,SAN JUAN DE LURIGANCHO,LIMA,LIMA
-77.13543,-12.02209,479,Centro de Salud,CENTRO DE SALUD,CALLAO,CALLAO,CALLAO
-77.006888,-12.02114,480,Chacarilla de Otero,OTROS,SAN JUAN DE LURIGANCHO,LIMA,LIMA
-77.055649,-12.019958,481,Hospital de Salud Mental Horacio Noguchi,HOSPITAL,SAN MARTIN DE PORRES,LIMA,LIMA
-77.102273,-12.019832,482,Hospital Chalaco de la Solidaridad,HOSPITAL,CALLAO,CALLAO,CALLAO
-76.8152,-12.019785,483,Centro Medico Nilo de Praga,CENTRO MÉDICO,ATE,LIMA,LIMA
-77.03192,-12.01849,484,Policlinico El Bosque,POLICLINICO,RIMAC,LIMA,LIMA
-76.8385,-12.01838,485,Centro de Salud,CENTRO DE SALUD,ATE,LIMA,LIMA
-77.097863,-12.018226,486,Complejo hospitalario Salud y Vida,OTROS,CALLAO,CALLAO,CALLAO
-77.03019,-12.01749,487,Centro de Salud,CENTRO DE SALUD,RIMAC,LIMA,LIMA
-77.058067,-12.017477,488,Centro de Salud,CENTRO DE SALUD,SAN MARTIN DE PORRES,LIMA,LIMA
-77.031629,-12.017435,489,Centro de Salud,CENTRO DE SALUD,RIMAC,LIMA,LIMA
-76.947927,-12.017351,490,Centro de Salud Santa Maria de Huachipa,CENTRO DE SALUD,LURIGANCHO,LIMA,LIMA
-77.001071,-12.017294,491,Puesto de Salud Azcarrus,OTROS,SAN JUAN DE LURIGANCHO,LIMA,LIMA
-76.820575,-12.015652,492,Hospital de Huaycan,HOSPITAL,ATE,LIMA,LIMA
-77.097628,-12.01564,493,Policinico Luis Negreiros Vega ESSALUD,OTROS,CALLAO,CALLAO,CALLAO
-77.04793,-12.01495,494,Posta Medica,POSTA,INDEPENDENCIA,LIMA,LIMA
-76.825782,-12.013503,495,Policlinico Parroquial San Luis Maria de Monfort,POLICLINICO,ATE,LIMA,LIMA
-77.10139,-12.01347,496,Posta Medica,POSTA,CALLAO,CALLAO,CALLAO
-77.05203,-12.013082,497,Sisol UNI,OTROS,RIMAC,LIMA,LIMA
-76.937826,-12.012813,498,Clinica del Dr Casanova,CLÍNICA,LURIGANCHO,LIMA,LIMA
-77.092056,-12.012384,499,Hospital,HOSPITAL,CALLAO,CALLAO,CALLAO
-76.999416,-12.012309,500,Centro de Salud,CENTRO DE SALUD,SAN JUAN DE LURIGANCHO,LIMA,LIMA
-76.852721,-12.011461,501,Policlinico Ser y Nacer,POLICLINICO,ATE,LIMA,LIMA
-77.03249,-12.01073,502,Centro de Salud,CENTRO DE SALUD,RIMAC,LIMA,LIMA
-76.979435,-12.010544,503,Centro de Salud,CENTRO DE SALUD,SAN JUAN DE LURIGANCHO,LIMA,LIMA
-77.04896,-12.01005,504,Posta de Salud,POSTA,INDEPENDENCIA,LIMA,LIMA
-76.829998,-12.009743,505,Essalud Huaycan,OTROS,ATE,LIMA,LIMA
-77.073689,-12.009196,506,Centro de Salud,CENTRO DE SALUD,LOS OLIVOS,LIMA,LIMA
-76.824193,-12.008627,507,Salud Pharma,OTROS,ATE,LIMA,LIMA
-77.006313,-12.006369,508,Centro de Salud Servan,CENTRO DE SALUD,SAN JUAN DE LURIGANCHO,LIMA,LIMA
-77.106324,-12.006118,509,Posta  Medica,POSTA,CALLAO,CALLAO,CALLAO
-77.052474,-12.005747,510,Centro Medico las Violetas,CENTRO MÉDICO,INDEPENDENCIA,LIMA,LIMA
-77.006782,-12.004175,511,Clinica San Juan Bautista,CLÍNICA,SAN JUAN DE LURIGANCHO,LIMA,LIMA
-76.995632,-12.00197,512,Centro de Salud,CENTRO DE SALUD,SAN JUAN DE LURIGANCHO,LIMA,LIMA
-77.1073,-12.001862,513,Centro Salud el Alamo,CENTRO DE SALUD,CALLAO,CALLAO,CALLAO
-77.053952,-11.99762,514,Centro de Salud,CENTRO DE SALUD,INDEPENDENCIA,LIMA,LIMA
-77.121017,-11.996181,515,Centro de Salud,CENTRO DE SALUD,CALLAO,CALLAO,CALLAO
-77.009793,-11.995604,516,Policlinico Tucuman,POLICLINICO,SAN JUAN DE LURIGANCHO,LIMA,LIMA
-77.124986,-11.995237,517,Centro de Salud 200 Millas,CENTRO DE SALUD,CALLAO,CALLAO,CALLAO
-76.819119,-11.99431,518,Posta Medica,POSTA,CHACLACAYO,LIMA,LIMA
-77.006546,-11.994165,519,Centro de Salud la Huayrona,CENTRO DE SALUD,SAN JUAN DE LURIGANCHO,LIMA,LIMA
-77.075171,-11.994101,520,Labotarios Clinicos BGL,OTROS,LOS OLIVOS,LIMA,LIMA
-77.071918,-11.993535,521,Clinica Las Amapolas,CLÍNICA,LOS OLIVOS,LIMA,LIMA
-76.826124,-11.993409,522,Centro de Salud,CENTRO DE SALUD,CHACLACAYO,LIMA,LIMA
-77.010506,-11.993242,523,Medic Center San Camilo,OTROS,SAN JUAN DE LURIGANCHO,LIMA,LIMA
-77.061788,-11.992785,524,Posta Essalud Independencia,POSTA,INDEPENDENCIA,LIMA,LIMA
-77.06792,-11.991571,525,Inppares Medical Imagenes,OTROS,LOS OLIVOS,LIMA,LIMA
-77.075487,-11.991417,526,Clinica San Bartolome,CLÍNICA,LOS OLIVOS,LIMA,LIMA
-77.073853,-11.991234,527,Clinica San Bartolome,CLÍNICA,LOS OLIVOS,LIMA,LIMA
-77.073296,-11.991147,528,Clinica Cori,CLÍNICA,LOS OLIVOS,LIMA,LIMA
-77.073007,-11.991108,529,Clinica Cori,CLÍNICA,LOS OLIVOS,LIMA,LIMA
-77.06807,-11.990867,530,Policlinico Galvez,POLICLINICO,LOS OLIVOS,LIMA,LIMA
-77.069782,-11.99063,531,Clinica de Reumatismo,CLÍNICA,LOS OLIVOS,LIMA,LIMA
-77.066015,-11.990534,532,Policlinico los Olivos,POLICLINICO,LOS OLIVOS,LIMA,LIMA
-77.067327,-11.990254,533,Policlinico Servi Salud Examen Medico Brevetes,POLICLINICO,LOS OLIVOS,LIMA,LIMA
-77.011026,-11.989792,534,Clinica San Pablo,CLÍNICA,SAN JUAN DE LURIGANCHO,LIMA,LIMA
-77.004634,-11.989694,535,Kalma & Salud,OTROS,SAN JUAN DE LURIGANCHO,LIMA,LIMA
-77.058933,-11.989343,536,Clinica San Pablo Lima Norte,CLÍNICA,INDEPENDENCIA,LIMA,LIMA
-77.116695,-11.988872,537,Centro de Salud,CENTRO DE SALUD,CALLAO,CALLAO,CALLAO
-77.066328,-11.988125,538,Clinica Materno Infantil Santa Maria,CLÍNICA,LOS OLIVOS,LIMA,LIMA
-77.09902,-11.98778,539,Policlinico San Francisco,POLICLINICO,SAN MARTIN DE PORRES,LIMA,LIMA
-77.072412,-11.987593,540,Centro Medico Medi Corp,CENTRO MÉDICO,LOS OLIVOS,LIMA,LIMA
-76.813867,-11.986991,541,Centro Materno Infantil,OTROS,CHACLACAYO,LIMA,LIMA
-77.007965,-11.986496,542,Clinica Limatambo,CLÍNICA,SAN JUAN DE LURIGANCHO,LIMA,LIMA
-77.079982,-11.986161,543,Hospital del Norte,HOSPITAL,SAN MARTIN DE PORRES,LIMA,LIMA
-77.0058,-11.98597,544,San Juan Apostol,OTROS,SAN JUAN DE LURIGANCHO,LIMA,LIMA
-76.813553,-11.985058,545,Posta Medica,POSTA,CHACLACAYO,LIMA,LIMA
-77.0166,-11.984369,546,Puesto Salud Ayacucho,OTROS,SAN JUAN DE LURIGANCHO,LIMA,LIMA
-77.100029,-11.983937,547,Policlinico Tucuman,POLICLINICO,SAN MARTIN DE PORRES,LIMA,LIMA
-77.062899,-11.983645,548,Policlinico Naranjal,POLICLINICO,INDEPENDENCIA,LIMA,LIMA
-77.011464,-11.983311,549,Centro de Salud Ganimedes,CENTRO DE SALUD,SAN JUAN DE LURIGANCHO,LIMA,LIMA
-77.07218,-11.981544,550,Centro de Salud Cueto Fernandini,CENTRO DE SALUD,LOS OLIVOS,LIMA,LIMA
-77.072709,-11.981459,551,Policlinico Juan Pablo II,POLICLINICO,LOS OLIVOS,LIMA,LIMA
-76.942474,-11.980968,552,Centro de Salud,CENTRO DE SALUD,LURIGANCHO,LIMA,LIMA
-76.984111,-11.98073,553,Hospital de la Solidaridad Juan Pablo II,HOSPITAL,SAN JUAN DE LURIGANCHO,LIMA,LIMA
-76.789012,-11.979761,554,Centro de Salud de Moron,CENTRO DE SALUD,CHACLACAYO,LIMA,LIMA
-77.053094,-11.978779,555,Centro de Salud Tahuantinsuyo,CENTRO DE SALUD,INDEPENDENCIA,LIMA,LIMA
-76.77102,-11.97804,556,San Vicente de Paul,OTROS,CHACLACAYO,LIMA,LIMA
-77.074271,-11.977677,557,Primeros Auxilios,OTROS,LOS OLIVOS,LIMA,LIMA
-77.048503,-11.977314,558,Policlinico San Antonio de Padua,POLICLINICO,INDEPENDENCIA,LIMA,LIMA
-77.063302,-11.976781,559,Hospital Municipal los Olivos,HOSPITAL,LOS OLIVOS,LIMA,LIMA
-77.056972,-11.976745,560,Centro de Salud,CENTRO DE SALUD,INDEPENDENCIA,LIMA,LIMA
-77.002202,-11.974999,561,Hospital Municipal,HOSPITAL,SAN JUAN DE LURIGANCHO,LIMA,LIMA
-77.04466,-11.972305,562,Centro de Salud,CENTRO DE SALUD,INDEPENDENCIA,LIMA,LIMA
-77.057362,-11.972221,563,Clinica de la Solidaridad,CLÍNICA,COMAS,LIMA,LIMA
-77.106301,-11.9722,564,Centro de Salud Cerro Candela,CENTRO DE SALUD,SAN MARTIN DE PORRES,LIMA,LIMA
-77.045378,-11.97168,565,Centro de Salud,CENTRO DE SALUD,INDEPENDENCIA,LIMA,LIMA
-76.995232,-11.970829,566,Hospital ESSALUD Canto Grande,HOSPITAL,SAN JUAN DE LURIGANCHO,LIMA,LIMA
-76.995558,-11.968511,567,Hospital Aurelio Diaz Ufano Essalud,HOSPITAL,SAN JUAN DE LURIGANCHO,LIMA,LIMA
-77.039112,-11.967558,568,Posta de Salud Jose Olaya,POSTA,INDEPENDENCIA,LIMA,LIMA
-77.003187,-11.96642,569,Hospital de San Juan de Lurigancho,HOSPITAL,SAN JUAN DE LURIGANCHO,LIMA,LIMA
-77.056399,-11.966313,570,Centro Medico Ricardo Palma,CENTRO MÉDICO,COMAS,LIMA,LIMA
-77.054216,-11.966125,571,Centro Medico Clorinda Malaga,CENTRO MÉDICO,COMAS,LIMA,LIMA
-77.002427,-11.965937,572,Centro de Salud Privado,CENTRO DE SALUD,SAN JUAN DE LURIGANCHO,LIMA,LIMA
-76.975959,-11.965213,573,Centro de Salud Santa Maria,CENTRO DE SALUD,SAN JUAN DE LURIGANCHO,LIMA,LIMA
-76.990649,-11.964664,574,Clinica Essalud,CLÍNICA,SAN JUAN DE LURIGANCHO,LIMA,LIMA
-77.001595,-11.963807,575,Hospital Materno Infantil Canto Grande,HOSPITAL,SAN JUAN DE LURIGANCHO,LIMA,LIMA
-76.989248,-11.962779,576,Policlinico NiRo Jesus,POLICLINICO,SAN JUAN DE LURIGANCHO,LIMA,LIMA
-76.988667,-11.959784,577,Hospital ESSALUD,HOSPITAL,SAN JUAN DE LURIGANCHO,LIMA,LIMA
-77.053342,-11.957568,578,Casa del Adulto Mayor,OTROS,COMAS,LIMA,LIMA
-76.98928,-11.957459,579,Puesto de Salud Bayovar,OTROS,SAN JUAN DE LURIGANCHO,LIMA,LIMA
-77.003622,-11.957419,580,Centro de Salud,CENTRO DE SALUD,SAN JUAN DE LURIGANCHO,LIMA,LIMA
-77.043495,-11.956903,581,Centro de Salud Santiago Apostol,CENTRO DE SALUD,COMAS,LIMA,LIMA
-76.992105,-11.95532,582,Puesto de Salud Proyectos Especiales,OTROS,SAN JUAN DE LURIGANCHO,LIMA,LIMA
-77.052157,-11.954114,583,Policlinico Nuestra Sra de la Paz,POLICLINICO,COMAS,LIMA,LIMA
-77.049272,-11.953812,584,Centro de Salud,CENTRO DE SALUD,COMAS,LIMA,LIMA
-77.059746,-11.951515,585,Clinica Universitaria,CLÍNICA,COMAS,LIMA,LIMA
-77.059356,-11.951363,586,Centro de Salud,CENTRO DE SALUD,COMAS,LIMA,LIMA
-77.049945,-11.950983,587,Programa de Intervencion Temprana,OTROS,COMAS,LIMA,LIMA
-76.981209,-11.949399,588,Posta de Salud Mariscal Caceres,POSTA,SAN JUAN DE LURIGANCHO,LIMA,LIMA
-77.058935,-11.947192,589,Centro Salud Santa Luzmila,CENTRO DE SALUD,COMAS,LIMA,LIMA
-77.050527,-11.945539,590,Clinica Zegarra,CLÍNICA,COMAS,LIMA,LIMA
-77.050119,-11.945511,591,Hospital Solidario de Comas,HOSPITAL,COMAS,LIMA,LIMA
-77.08753,-11.944327,592,Centro de Salud,CENTRO DE SALUD,SAN MARTIN DE PORRES,LIMA,LIMA
-77.057938,-11.943912,593,HospitalAurelio Molina Scippa ESSALUD,HOSPITAL,COMAS,LIMA,LIMA
-77.133914,-11.942643,594,Centro de Salud,CENTRO DE SALUD,CALLAO,CALLAO,CALLAO
-77.063105,-11.941786,595,Centro de Salud Santa Luzmila,CENTRO DE SALUD,COMAS,LIMA,LIMA
-77.0638,-11.941774,596,Samu Peru,OTROS,COMAS,LIMA,LIMA
-76.984825,-11.941532,597,Centro Medico Buen Pastor,CENTRO MÉDICO,SAN JUAN DE LURIGANCHO,LIMA,LIMA
-77.04665,-11.94034,598,Centro Salud Carlos Rotzel,CENTRO DE SALUD,COMAS,LIMA,LIMA
-76.971408,-11.937439,599,Centro de Salud Enrique Montenegro,CENTRO DE SALUD,SAN JUAN DE LURIGANCHO,LIMA,LIMA
-77.132131,-11.936753,600,Centro de Salud,CENTRO DE SALUD,VENTANILLA,CALLAO,CALLAO
-76.971759,-11.936684,601,Clinica San Carlos,CLÍNICA,SAN JUAN DE LURIGANCHO,LIMA,LIMA
-77.057354,-11.936054,602,Essalud,OTROS,COMAS,LIMA,LIMA
-77.051615,-11.935852,603,Centro de Salud,CENTRO DE SALUD,COMAS,LIMA,LIMA
-77.07257,-11.934867,604,Clinica Por ti Familia,CLÍNICA,LOS OLIVOS,LIMA,LIMA
-76.703506,-11.93475,605,Centro Medico,CENTRO MÉDICO,LURIGANCHO,LIMA,LIMA
-76.693449,-11.934497,606,Hospital Jose Augusto Tello,HOSPITAL,LURIGANCHO,LIMA,LIMA
-77.049707,-11.934326,607,Clinica Zegarra,CLÍNICA,COMAS,LIMA,LIMA
-77.073331,-11.93308,608,Clinica Esperanza,CLÍNICA,LOS OLIVOS,LIMA,LIMA
-76.69105,-11.930513,609,Centro de Salud de Chosica,CENTRO DE SALUD,LURIGANCHO,LIMA,LIMA
-77.057024,-11.930155,610,Essalud Comas,OTROS,COMAS,LIMA,LIMA
-77.049933,-11.9294,611,Centro de Salud,CENTRO DE SALUD,COMAS,LIMA,LIMA
-77.042859,-11.925215,612,Policlinico Deser,POLICLINICO,COMAS,LIMA,LIMA
-76.659028,-11.925113,613,Centro Terapeutico Proyecto Vida,OTROS,RICARDO PALMA,HUAROCHIRI,LIMA
-76.684731,-11.924886,614,Centro de Salud de Moyopampa,CENTRO DE SALUD,LURIGANCHO,LIMA,LIMA
-76.659808,-11.924273,615,Centro de Rehabilitacion Otra Oportunidad,OTROS,RICARDO PALMA,HUAROCHIRI,LIMA
-76.662983,-11.923709,616,Centro de Salud Ricardo Palma,CENTRO DE SALUD,RICARDO PALMA,HUAROCHIRI,LIMA
-76.961837,-11.923405,617,Centro de Salud Anexo 22,CENTRO DE SALUD,SAN JUAN DE LURIGANCHO,LIMA,LIMA
-77.075538,-11.923022,618,Centro Medico Parroquial Nstra Sra de las Mercedes,CENTRO MÉDICO,LOS OLIVOS,LIMA,LIMA
-76.670208,-11.921107,619,Red de Salud Huarochiri,OTROS,LURIGANCHO,LIMA,LIMA
-77.043718,-11.918637,620,Centro de Salud,CENTRO DE SALUD,COMAS,LIMA,LIMA
-77.044942,-11.916656,621,Centro Medico San Antonio ESSALUD,CENTRO MÉDICO,COMAS,LIMA,LIMA
-77.054718,-11.916084,622,Centro de Salud,CENTRO DE SALUD,COMAS,LIMA,LIMA
-77.039525,-11.913971,623,Hospital Sergio Bernales,HOSPITAL,COMAS,LIMA,LIMA
-77.039028,-11.912688,624,Ingreso Emergencia Sergio Bernales,OTROS,COMAS,LIMA,LIMA
-76.580503,-11.91048,625,Centro Salud Corcona,CENTRO DE SALUD,SANTA CRUZ DE COCACHACRA,HUAROCHIRI,LIMA
-77.034635,-11.90831,626,Policlinico San Felipe,POLICLINICO,COMAS,LIMA,LIMA
-77.036029,-11.905544,627,Centro de Salud,CENTRO DE SALUD,COMAS,LIMA,LIMA
-76.663716,-11.901182,628,Centro Medico Municipal,CENTRO MÉDICO,SANTA EULALIA,HUAROCHIRI,LIMA
-77.034381,-11.901176,629,Centro de Salud,CENTRO DE SALUD,CARABAYLLO,LIMA,LIMA
-77.038696,-11.899205,630,Clinica Trujillo,CLÍNICA,COMAS,LIMA,LIMA
-77.1284,-11.8968,631,Centro de Salud,CENTRO DE SALUD,VENTANILLA,CALLAO,CALLAO
-77.12402,-11.896089,632,Centro de Salud,CENTRO DE SALUD,VENTANILLA,CALLAO,CALLAO
-77.037782,-11.89596,633,Essalud Carabayllo,OTROS,CARABAYLLO,LIMA,LIMA
-77.127639,-11.892633,634,Centro de Salud,CENTRO DE SALUD,VENTANILLA,CALLAO,CALLAO
-77.027284,-11.890586,635,Centro de Salud,CENTRO DE SALUD,CARABAYLLO,LIMA,LIMA
-77.023187,-11.887336,636,Centro de Salud,CENTRO DE SALUD,CARABAYLLO,LIMA,LIMA
-77.124432,-11.886428,637,Centro de Salud,CENTRO DE SALUD,VENTANILLA,CALLAO,CALLAO
-77.035198,-11.88637,638,Policlinico Niao de la Espina,POLICLINICO,CARABAYLLO,LIMA,LIMA
-77.12591,-11.885498,639,Hospital Chalaco 2,HOSPITAL,VENTANILLA,CALLAO,CALLAO
-77.127703,-11.885332,640,Centro de Salud,CENTRO DE SALUD,VENTANILLA,CALLAO,CALLAO
-77.023143,-11.8851,641,Centro de Salud Esperanza,CENTRO DE SALUD,CARABAYLLO,LIMA,LIMA
-77.019867,-11.879687,642,Centro de Salud,CENTRO DE SALUD,CARABAYLLO,LIMA,LIMA
-77.137752,-11.876529,643,Puesto de Salud Defensores de la Patria,OTROS,VENTANILLA,CALLAO,CALLAO
-77.10888,-11.875183,644,Wawahuasi,OTROS,VENTANILLA,CALLAO,CALLAO
-77.00857,-11.87391,645,Centro de Salud,CENTRO DE SALUD,CARABAYLLO,LIMA,LIMA
-77.125724,-11.872915,646,Hospital Ventanilla,HOSPITAL,VENTANILLA,CALLAO,CALLAO
-77.121087,-11.872785,647,Centro de Salud,CENTRO DE SALUD,VENTANILLA,CALLAO,CALLAO
-77.110106,-11.872369,648,Centro de Salud Ventanilla Alta,CENTRO DE SALUD,VENTANILLA,CALLAO,CALLAO
-77.070557,-11.870332,649,Hospital de la Solidaridad,HOSPITAL,PUENTE PIEDRA,LIMA,LIMA
-77.079635,-11.862874,650,Hospital Puente Piedra Carlos Lanfranco la Hoz,HOSPITAL,PUENTE PIEDRA,LIMA,LIMA
-77.125083,-11.858357,651,Centro Medico Cayetano Heredia,CENTRO MÉDICO,VENTANILLA,CALLAO,CALLAO
-77.125771,-11.855564,652,Policlinico Sagrado Corazon,POLICLINICO,VENTANILLA,CALLAO,CALLAO
-77.122894,-11.855123,653,Centro de Salud,CENTRO DE SALUD,VENTANILLA,CALLAO,CALLAO
-77.117876,-11.851788,654,Servicio de Salud Santa Rosa,OTROS,VENTANILLA,CALLAO,CALLAO
-77.101935,-11.843334,655,Clinica Montenor,CLÍNICA,PUENTE PIEDRA,LIMA,LIMA
-76.38148,-11.842836,656,Hospital San Juan de Matucana,HOSPITAL,MATUCANA,HUAROCHIRI,LIMA
-77.108418,-11.83715,657,Centro Materno Infantil ESSALUD,OTROS,PUENTE PIEDRA,LIMA,LIMA
-77.119722,-11.82862,658,Hospital Chalaco III,HOSPITAL,PUENTE PIEDRA,LIMA,LIMA
-77.177024,-11.798219,659,Centro de Salud,CENTRO DE SALUD,SANTA ROSA,LIMA,LIMA
-77.169004,-11.797423,660,Casa de Retiro Juan Pablo II,OTROS,SANTA ROSA,LIMA,LIMA
-77.173707,-11.796266,661,Centro de Salud,CENTRO DE SALUD,SANTA ROSA,LIMA,LIMA
-77.17281,-11.774515,662,Centro de Salud,CENTRO DE SALUD,ANCON,LIMA,LIMA
